,id,url,repository_url,labels_url,user
0,1194271569,https://api.github.com/repos/pandas-dev/pandas/issues/46658,https://api.github.com/repos/pandas-dev/pandas,https://api.github.com/repos/pandas-dev/pandas/issues/46658/labels{/name},"{'login': 'johannes-mueller', 'id': 5902745, 'node_id': 'MDQ6VXNlcjU5MDI3NDU=', 'avatar_url': 'https://avatars.githubusercontent.com/u/5902745?v=4', 'gravatar_id': '', 'url': 'https://api.github.com/users/johannes-mueller', 'html_url': 'https://github.com/johannes-mueller', 'followers_url': 'https://api.github.com/users/johannes-mueller/followers', 'following_url': 'https://api.github.com/users/johannes-mueller/following{/other_user}', 'gists_url': 'https://api.github.com/users/johannes-mueller/gists{/gist_id}', 'starred_url': 'https://api.github.com/users/johannes-mueller/starred{/owner}{/repo}', 'subscriptions_url': 'https://api.github.com/users/johannes-mueller/subscriptions', 'organizations_url': 'https://api.github.com/users/johannes-mueller/orgs', 'repos_url': 'https://api.github.com/users/johannes-mueller/repos', 'events_url': 'https://api.github.com/users/johannes-mueller/events{/privacy}', 'received_events_url': 'https://api.github.com/users/johannes-mueller/received_events', 'type': 'User', 'site_admin': False}"
1,1194133629,https://api.github.com/repos/pandas-dev/pandas/issues/46657,https://api.github.com/repos/pandas-dev/pandas,https://api.github.com/repos/pandas-dev/pandas/issues/46657/labels{/name},"{'login': 'exandi', 'id': 28753166, 'node_id': 'MDQ6VXNlcjI4NzUzMTY2', 'avatar_url': 'https://avatars.githubusercontent.com/u/28753166?v=4', 'gravatar_id': '', 'url': 'https://api.github.com/users/exandi', 'html_url': 'https://github.com/exandi', 'followers_url': 'https://api.github.com/users/exandi/followers', 'following_url': 'https://api.github.com/users/exandi/following{/other_user}', 'gists_url': 'https://api.github.com/users/exandi/gists{/gist_id}', 'starred_url': 'https://api.github.com/users/exandi/starred{/owner}{/repo}', 'subscriptions_url': 'https://api.github.com/users/exandi/subscriptions', 'organizations_url': 'https://api.github.com/users/exandi/orgs', 'repos_url': 'https://api.github.com/users/exandi/repos', 'events_url': 'https://api.github.com/users/exandi/events{/privacy}', 'received_events_url': 'https://api.github.com/users/exandi/received_events', 'type': 'User', 'site_admin': False}"
2,1194101825,https://api.github.com/repos/pandas-dev/pandas/issues/46656,https://api.github.com/repos/pandas-dev/pandas,https://api.github.com/repos/pandas-dev/pandas/issues/46656/labels{/name},"{'login': 'GYHHAHA', 'id': 41546976, 'node_id': 'MDQ6VXNlcjQxNTQ2OTc2', 'avatar_url': 'https://avatars.githubusercontent.com/u/41546976?v=4', 'gravatar_id': '', 'url': 'https://api.github.com/users/GYHHAHA', 'html_url': 'https://github.com/GYHHAHA', 'followers_url': 'https://api.github.com/users/GYHHAHA/followers', 'following_url': 'https://api.github.com/users/GYHHAHA/following{/other_user}', 'gists_url': 'https://api.github.com/users/GYHHAHA/gists{/gist_id}', 'starred_url': 'https://api.github.com/users/GYHHAHA/starred{/owner}{/repo}', 'subscriptions_url': 'https://api.github.com/users/GYHHAHA/subscriptions', 'organizations_url': 'https://api.github.com/users/GYHHAHA/orgs', 'repos_url': 'https://api.github.com/users/GYHHAHA/repos', 'events_url': 'https://api.github.com/users/GYHHAHA/events{/privacy}', 'received_events_url': 'https://api.github.com/users/GYHHAHA/received_events', 'type': 'User', 'site_admin': False}"
3,1194081671,https://api.github.com/repos/pandas-dev/pandas/issues/46655,https://api.github.com/repos/pandas-dev/pandas,https://api.github.com/repos/pandas-dev/pandas/issues/46655/labels{/name},"{'login': 'kwhkim', 'id': 4476168, 'node_id': 'MDQ6VXNlcjQ0NzYxNjg=', 'avatar_url': 'https://avatars.githubusercontent.com/u/4476168?v=4', 'gravatar_id': '', 'url': 'https://api.github.com/users/kwhkim', 'html_url': 'https://github.com/kwhkim', 'followers_url': 'https://api.github.com/users/kwhkim/followers', 'following_url': 'https://api.github.com/users/kwhkim/following{/other_user}', 'gists_url': 'https://api.github.com/users/kwhkim/gists{/gist_id}', 'starred_url': 'https://api.github.com/users/kwhkim/starred{/owner}{/repo}', 'subscriptions_url': 'https://api.github.com/users/kwhkim/subscriptions', 'organizations_url': 'https://api.github.com/users/kwhkim/orgs', 'repos_url': 'https://api.github.com/users/kwhkim/repos', 'events_url': 'https://api.github.com/users/kwhkim/events{/privacy}', 'received_events_url': 'https://api.github.com/users/kwhkim/received_events', 'type': 'User', 'site_admin': False}"
4,1194003859,https://api.github.com/repos/pandas-dev/pandas/issues/46654,https://api.github.com/repos/pandas-dev/pandas,https://api.github.com/repos/pandas-dev/pandas/issues/46654/labels{/name},"{'login': 'GYHHAHA', 'id': 41546976, 'node_id': 'MDQ6VXNlcjQxNTQ2OTc2', 'avatar_url': 'https://avatars.githubusercontent.com/u/41546976?v=4', 'gravatar_id': '', 'url': 'https://api.github.com/users/GYHHAHA', 'html_url': 'https://github.com/GYHHAHA', 'followers_url': 'https://api.github.com/users/GYHHAHA/followers', 'following_url': 'https://api.github.com/users/GYHHAHA/following{/other_user}', 'gists_url': 'https://api.github.com/users/GYHHAHA/gists{/gist_id}', 'starred_url': 'https://api.github.com/users/GYHHAHA/starred{/owner}{/repo}', 'subscriptions_url': 'https://api.github.com/users/GYHHAHA/subscriptions', 'organizations_url': 'https://api.github.com/users/GYHHAHA/orgs', 'repos_url': 'https://api.github.com/users/GYHHAHA/repos', 'events_url': 'https://api.github.com/users/GYHHAHA/events{/privacy}', 'received_events_url': 'https://api.github.com/users/GYHHAHA/received_events', 'type': 'User', 'site_admin': False}"
5,1193994011,https://api.github.com/repos/pandas-dev/pandas/issues/46653,https://api.github.com/repos/pandas-dev/pandas,https://api.github.com/repos/pandas-dev/pandas/issues/46653/labels{/name},"{'login': 'GYHHAHA', 'id': 41546976, 'node_id': 'MDQ6VXNlcjQxNTQ2OTc2', 'avatar_url': 'https://avatars.githubusercontent.com/u/41546976?v=4', 'gravatar_id': '', 'url': 'https://api.github.com/users/GYHHAHA', 'html_url': 'https://github.com/GYHHAHA', 'followers_url': 'https://api.github.com/users/GYHHAHA/followers', 'following_url': 'https://api.github.com/users/GYHHAHA/following{/other_user}', 'gists_url': 'https://api.github.com/users/GYHHAHA/gists{/gist_id}', 'starred_url': 'https://api.github.com/users/GYHHAHA/starred{/owner}{/repo}', 'subscriptions_url': 'https://api.github.com/users/GYHHAHA/subscriptions', 'organizations_url': 'https://api.github.com/users/GYHHAHA/orgs', 'repos_url': 'https://api.github.com/users/GYHHAHA/repos', 'events_url': 'https://api.github.com/users/GYHHAHA/events{/privacy}', 'received_events_url': 'https://api.github.com/users/GYHHAHA/received_events', 'type': 'User', 'site_admin': False}"
6,1193963920,https://api.github.com/repos/pandas-dev/pandas/issues/46652,https://api.github.com/repos/pandas-dev/pandas,https://api.github.com/repos/pandas-dev/pandas/issues/46652/labels{/name},"{'login': 'dataxerik', 'id': 15721311, 'node_id': 'MDQ6VXNlcjE1NzIxMzEx', 'avatar_url': 'https://avatars.githubusercontent.com/u/15721311?v=4', 'gravatar_id': '', 'url': 'https://api.github.com/users/dataxerik', 'html_url': 'https://github.com/dataxerik', 'followers_url': 'https://api.github.com/users/dataxerik/followers', 'following_url': 'https://api.github.com/users/dataxerik/following{/other_user}', 'gists_url': 'https://api.github.com/users/dataxerik/gists{/gist_id}', 'starred_url': 'https://api.github.com/users/dataxerik/starred{/owner}{/repo}', 'subscriptions_url': 'https://api.github.com/users/dataxerik/subscriptions', 'organizations_url': 'https://api.github.com/users/dataxerik/orgs', 'repos_url': 'https://api.github.com/users/dataxerik/repos', 'events_url': 'https://api.github.com/users/dataxerik/events{/privacy}', 'received_events_url': 'https://api.github.com/users/dataxerik/received_events', 'type': 'User', 'site_admin': False}"
7,1193945297,https://api.github.com/repos/pandas-dev/pandas/issues/46651,https://api.github.com/repos/pandas-dev/pandas,https://api.github.com/repos/pandas-dev/pandas/issues/46651/labels{/name},"{'login': 'twoertwein', 'id': 6618166, 'node_id': 'MDQ6VXNlcjY2MTgxNjY=', 'avatar_url': 'https://avatars.githubusercontent.com/u/6618166?v=4', 'gravatar_id': '', 'url': 'https://api.github.com/users/twoertwein', 'html_url': 'https://github.com/twoertwein', 'followers_url': 'https://api.github.com/users/twoertwein/followers', 'following_url': 'https://api.github.com/users/twoertwein/following{/other_user}', 'gists_url': 'https://api.github.com/users/twoertwein/gists{/gist_id}', 'starred_url': 'https://api.github.com/users/twoertwein/starred{/owner}{/repo}', 'subscriptions_url': 'https://api.github.com/users/twoertwein/subscriptions', 'organizations_url': 'https://api.github.com/users/twoertwein/orgs', 'repos_url': 'https://api.github.com/users/twoertwein/repos', 'events_url': 'https://api.github.com/users/twoertwein/events{/privacy}', 'received_events_url': 'https://api.github.com/users/twoertwein/received_events', 'type': 'User', 'site_admin': False}"
8,1193935553,https://api.github.com/repos/pandas-dev/pandas/issues/46650,https://api.github.com/repos/pandas-dev/pandas,https://api.github.com/repos/pandas-dev/pandas/issues/46650/labels{/name},"{'login': 'teej', 'id': 1796, 'node_id': 'MDQ6VXNlcjE3OTY=', 'avatar_url': 'https://avatars.githubusercontent.com/u/1796?v=4', 'gravatar_id': '', 'url': 'https://api.github.com/users/teej', 'html_url': 'https://github.com/teej', 'followers_url': 'https://api.github.com/users/teej/followers', 'following_url': 'https://api.github.com/users/teej/following{/other_user}', 'gists_url': 'https://api.github.com/users/teej/gists{/gist_id}', 'starred_url': 'https://api.github.com/users/teej/starred{/owner}{/repo}', 'subscriptions_url': 'https://api.github.com/users/teej/subscriptions', 'organizations_url': 'https://api.github.com/users/teej/orgs', 'repos_url': 'https://api.github.com/users/teej/repos', 'events_url': 'https://api.github.com/users/teej/events{/privacy}', 'received_events_url': 'https://api.github.com/users/teej/received_events', 'type': 'User', 'site_admin': False}"
9,1193708326,https://api.github.com/repos/pandas-dev/pandas/issues/46648,https://api.github.com/repos/pandas-dev/pandas,https://api.github.com/repos/pandas-dev/pandas/issues/46648/labels{/name},"{'login': 'edwhuang23', 'id': 29204546, 'node_id': 'MDQ6VXNlcjI5MjA0NTQ2', 'avatar_url': 'https://avatars.githubusercontent.com/u/29204546?v=4', 'gravatar_id': '', 'url': 'https://api.github.com/users/edwhuang23', 'html_url': 'https://github.com/edwhuang23', 'followers_url': 'https://api.github.com/users/edwhuang23/followers', 'following_url': 'https://api.github.com/users/edwhuang23/following{/other_user}', 'gists_url': 'https://api.github.com/users/edwhuang23/gists{/gist_id}', 'starred_url': 'https://api.github.com/users/edwhuang23/starred{/owner}{/repo}', 'subscriptions_url': 'https://api.github.com/users/edwhuang23/subscriptions', 'organizations_url': 'https://api.github.com/users/edwhuang23/orgs', 'repos_url': 'https://api.github.com/users/edwhuang23/repos', 'events_url': 'https://api.github.com/users/edwhuang23/events{/privacy}', 'received_events_url': 'https://api.github.com/users/edwhuang23/received_events', 'type': 'User', 'site_admin': False}"
10,1193673132,https://api.github.com/repos/pandas-dev/pandas/issues/46646,https://api.github.com/repos/pandas-dev/pandas,https://api.github.com/repos/pandas-dev/pandas/issues/46646/labels{/name},"{'login': 'galipremsagar', 'id': 11664259, 'node_id': 'MDQ6VXNlcjExNjY0MjU5', 'avatar_url': 'https://avatars.githubusercontent.com/u/11664259?v=4', 'gravatar_id': '', 'url': 'https://api.github.com/users/galipremsagar', 'html_url': 'https://github.com/galipremsagar', 'followers_url': 'https://api.github.com/users/galipremsagar/followers', 'following_url': 'https://api.github.com/users/galipremsagar/following{/other_user}', 'gists_url': 'https://api.github.com/users/galipremsagar/gists{/gist_id}', 'starred_url': 'https://api.github.com/users/galipremsagar/starred{/owner}{/repo}', 'subscriptions_url': 'https://api.github.com/users/galipremsagar/subscriptions', 'organizations_url': 'https://api.github.com/users/galipremsagar/orgs', 'repos_url': 'https://api.github.com/users/galipremsagar/repos', 'events_url': 'https://api.github.com/users/galipremsagar/events{/privacy}', 'received_events_url': 'https://api.github.com/users/galipremsagar/received_events', 'type': 'User', 'site_admin': False}"
11,1193630498,https://api.github.com/repos/pandas-dev/pandas/issues/46645,https://api.github.com/repos/pandas-dev/pandas,https://api.github.com/repos/pandas-dev/pandas/issues/46645/labels{/name},"{'login': 'rxd330', 'id': 55816259, 'node_id': 'MDQ6VXNlcjU1ODE2MjU5', 'avatar_url': 'https://avatars.githubusercontent.com/u/55816259?v=4', 'gravatar_id': '', 'url': 'https://api.github.com/users/rxd330', 'html_url': 'https://github.com/rxd330', 'followers_url': 'https://api.github.com/users/rxd330/followers', 'following_url': 'https://api.github.com/users/rxd330/following{/other_user}', 'gists_url': 'https://api.github.com/users/rxd330/gists{/gist_id}', 'starred_url': 'https://api.github.com/users/rxd330/starred{/owner}{/repo}', 'subscriptions_url': 'https://api.github.com/users/rxd330/subscriptions', 'organizations_url': 'https://api.github.com/users/rxd330/orgs', 'repos_url': 'https://api.github.com/users/rxd330/repos', 'events_url': 'https://api.github.com/users/rxd330/events{/privacy}', 'received_events_url': 'https://api.github.com/users/rxd330/received_events', 'type': 'User', 'site_admin': False}"
12,1193371305,https://api.github.com/repos/pandas-dev/pandas/issues/46644,https://api.github.com/repos/pandas-dev/pandas,https://api.github.com/repos/pandas-dev/pandas/issues/46644/labels{/name},"{'login': 'arnaudlegout', 'id': 7670869, 'node_id': 'MDQ6VXNlcjc2NzA4Njk=', 'avatar_url': 'https://avatars.githubusercontent.com/u/7670869?v=4', 'gravatar_id': '', 'url': 'https://api.github.com/users/arnaudlegout', 'html_url': 'https://github.com/arnaudlegout', 'followers_url': 'https://api.github.com/users/arnaudlegout/followers', 'following_url': 'https://api.github.com/users/arnaudlegout/following{/other_user}', 'gists_url': 'https://api.github.com/users/arnaudlegout/gists{/gist_id}', 'starred_url': 'https://api.github.com/users/arnaudlegout/starred{/owner}{/repo}', 'subscriptions_url': 'https://api.github.com/users/arnaudlegout/subscriptions', 'organizations_url': 'https://api.github.com/users/arnaudlegout/orgs', 'repos_url': 'https://api.github.com/users/arnaudlegout/repos', 'events_url': 'https://api.github.com/users/arnaudlegout/events{/privacy}', 'received_events_url': 'https://api.github.com/users/arnaudlegout/received_events', 'type': 'User', 'site_admin': False}"
13,1192721647,https://api.github.com/repos/pandas-dev/pandas/issues/46643,https://api.github.com/repos/pandas-dev/pandas,https://api.github.com/repos/pandas-dev/pandas/issues/46643/labels{/name},"{'login': 'jonashaag', 'id': 175722, 'node_id': 'MDQ6VXNlcjE3NTcyMg==', 'avatar_url': 'https://avatars.githubusercontent.com/u/175722?v=4', 'gravatar_id': '', 'url': 'https://api.github.com/users/jonashaag', 'html_url': 'https://github.com/jonashaag', 'followers_url': 'https://api.github.com/users/jonashaag/followers', 'following_url': 'https://api.github.com/users/jonashaag/following{/other_user}', 'gists_url': 'https://api.github.com/users/jonashaag/gists{/gist_id}', 'starred_url': 'https://api.github.com/users/jonashaag/starred{/owner}{/repo}', 'subscriptions_url': 'https://api.github.com/users/jonashaag/subscriptions', 'organizations_url': 'https://api.github.com/users/jonashaag/orgs', 'repos_url': 'https://api.github.com/users/jonashaag/repos', 'events_url': 'https://api.github.com/users/jonashaag/events{/privacy}', 'received_events_url': 'https://api.github.com/users/jonashaag/received_events', 'type': 'User', 'site_admin': False}"
14,1192556626,https://api.github.com/repos/pandas-dev/pandas/issues/46641,https://api.github.com/repos/pandas-dev/pandas,https://api.github.com/repos/pandas-dev/pandas/issues/46641/labels{/name},"{'login': 'VladislavYarovenko', 'id': 56382598, 'node_id': 'MDQ6VXNlcjU2MzgyNTk4', 'avatar_url': 'https://avatars.githubusercontent.com/u/56382598?v=4', 'gravatar_id': '', 'url': 'https://api.github.com/users/VladislavYarovenko', 'html_url': 'https://github.com/VladislavYarovenko', 'followers_url': 'https://api.github.com/users/VladislavYarovenko/followers', 'following_url': 'https://api.github.com/users/VladislavYarovenko/following{/other_user}', 'gists_url': 'https://api.github.com/users/VladislavYarovenko/gists{/gist_id}', 'starred_url': 'https://api.github.com/users/VladislavYarovenko/starred{/owner}{/repo}', 'subscriptions_url': 'https://api.github.com/users/VladislavYarovenko/subscriptions', 'organizations_url': 'https://api.github.com/users/VladislavYarovenko/orgs', 'repos_url': 'https://api.github.com/users/VladislavYarovenko/repos', 'events_url': 'https://api.github.com/users/VladislavYarovenko/events{/privacy}', 'received_events_url': 'https://api.github.com/users/VladislavYarovenko/received_events', 'type': 'User', 'site_admin': False}"
15,1192288562,https://api.github.com/repos/pandas-dev/pandas/issues/46640,https://api.github.com/repos/pandas-dev/pandas,https://api.github.com/repos/pandas-dev/pandas/issues/46640/labels{/name},"{'login': 'monishkumar9677', 'id': 94476414, 'node_id': 'U_kgDOBaGYfg', 'avatar_url': 'https://avatars.githubusercontent.com/u/94476414?v=4', 'gravatar_id': '', 'url': 'https://api.github.com/users/monishkumar9677', 'html_url': 'https://github.com/monishkumar9677', 'followers_url': 'https://api.github.com/users/monishkumar9677/followers', 'following_url': 'https://api.github.com/users/monishkumar9677/following{/other_user}', 'gists_url': 'https://api.github.com/users/monishkumar9677/gists{/gist_id}', 'starred_url': 'https://api.github.com/users/monishkumar9677/starred{/owner}{/repo}', 'subscriptions_url': 'https://api.github.com/users/monishkumar9677/subscriptions', 'organizations_url': 'https://api.github.com/users/monishkumar9677/orgs', 'repos_url': 'https://api.github.com/users/monishkumar9677/repos', 'events_url': 'https://api.github.com/users/monishkumar9677/events{/privacy}', 'received_events_url': 'https://api.github.com/users/monishkumar9677/received_events', 'type': 'User', 'site_admin': False}"
16,1192236412,https://api.github.com/repos/pandas-dev/pandas/issues/46638,https://api.github.com/repos/pandas-dev/pandas,https://api.github.com/repos/pandas-dev/pandas/issues/46638/labels{/name},"{'login': 'yadav-sachin', 'id': 40866128, 'node_id': 'MDQ6VXNlcjQwODY2MTI4', 'avatar_url': 'https://avatars.githubusercontent.com/u/40866128?v=4', 'gravatar_id': '', 'url': 'https://api.github.com/users/yadav-sachin', 'html_url': 'https://github.com/yadav-sachin', 'followers_url': 'https://api.github.com/users/yadav-sachin/followers', 'following_url': 'https://api.github.com/users/yadav-sachin/following{/other_user}', 'gists_url': 'https://api.github.com/users/yadav-sachin/gists{/gist_id}', 'starred_url': 'https://api.github.com/users/yadav-sachin/starred{/owner}{/repo}', 'subscriptions_url': 'https://api.github.com/users/yadav-sachin/subscriptions', 'organizations_url': 'https://api.github.com/users/yadav-sachin/orgs', 'repos_url': 'https://api.github.com/users/yadav-sachin/repos', 'events_url': 'https://api.github.com/users/yadav-sachin/events{/privacy}', 'received_events_url': 'https://api.github.com/users/yadav-sachin/received_events', 'type': 'User', 'site_admin': False}"
17,1192211413,https://api.github.com/repos/pandas-dev/pandas/issues/46636,https://api.github.com/repos/pandas-dev/pandas,https://api.github.com/repos/pandas-dev/pandas/issues/46636/labels{/name},"{'login': 'simonjayhawkins', 'id': 13159005, 'node_id': 'MDQ6VXNlcjEzMTU5MDA1', 'avatar_url': 'https://avatars.githubusercontent.com/u/13159005?v=4', 'gravatar_id': '', 'url': 'https://api.github.com/users/simonjayhawkins', 'html_url': 'https://github.com/simonjayhawkins', 'followers_url': 'https://api.github.com/users/simonjayhawkins/followers', 'following_url': 'https://api.github.com/users/simonjayhawkins/following{/other_user}', 'gists_url': 'https://api.github.com/users/simonjayhawkins/gists{/gist_id}', 'starred_url': 'https://api.github.com/users/simonjayhawkins/starred{/owner}{/repo}', 'subscriptions_url': 'https://api.github.com/users/simonjayhawkins/subscriptions', 'organizations_url': 'https://api.github.com/users/simonjayhawkins/orgs', 'repos_url': 'https://api.github.com/users/simonjayhawkins/repos', 'events_url': 'https://api.github.com/users/simonjayhawkins/events{/privacy}', 'received_events_url': 'https://api.github.com/users/simonjayhawkins/received_events', 'type': 'User', 'site_admin': False}"
18,1192166858,https://api.github.com/repos/pandas-dev/pandas/issues/46635,https://api.github.com/repos/pandas-dev/pandas,https://api.github.com/repos/pandas-dev/pandas/issues/46635/labels{/name},"{'login': 'phil20686', 'id': 6398777, 'node_id': 'MDQ6VXNlcjYzOTg3Nzc=', 'avatar_url': 'https://avatars.githubusercontent.com/u/6398777?v=4', 'gravatar_id': '', 'url': 'https://api.github.com/users/phil20686', 'html_url': 'https://github.com/phil20686', 'followers_url': 'https://api.github.com/users/phil20686/followers', 'following_url': 'https://api.github.com/users/phil20686/following{/other_user}', 'gists_url': 'https://api.github.com/users/phil20686/gists{/gist_id}', 'starred_url': 'https://api.github.com/users/phil20686/starred{/owner}{/repo}', 'subscriptions_url': 'https://api.github.com/users/phil20686/subscriptions', 'organizations_url': 'https://api.github.com/users/phil20686/orgs', 'repos_url': 'https://api.github.com/users/phil20686/repos', 'events_url': 'https://api.github.com/users/phil20686/events{/privacy}', 'received_events_url': 'https://api.github.com/users/phil20686/received_events', 'type': 'User', 'site_admin': False}"
19,1192014651,https://api.github.com/repos/pandas-dev/pandas/issues/46634,https://api.github.com/repos/pandas-dev/pandas,https://api.github.com/repos/pandas-dev/pandas/issues/46634/labels{/name},"{'login': 'bchen1116', 'id': 22552445, 'node_id': 'MDQ6VXNlcjIyNTUyNDQ1', 'avatar_url': 'https://avatars.githubusercontent.com/u/22552445?v=4', 'gravatar_id': '', 'url': 'https://api.github.com/users/bchen1116', 'html_url': 'https://github.com/bchen1116', 'followers_url': 'https://api.github.com/users/bchen1116/followers', 'following_url': 'https://api.github.com/users/bchen1116/following{/other_user}', 'gists_url': 'https://api.github.com/users/bchen1116/gists{/gist_id}', 'starred_url': 'https://api.github.com/users/bchen1116/starred{/owner}{/repo}', 'subscriptions_url': 'https://api.github.com/users/bchen1116/subscriptions', 'organizations_url': 'https://api.github.com/users/bchen1116/orgs', 'repos_url': 'https://api.github.com/users/bchen1116/repos', 'events_url': 'https://api.github.com/users/bchen1116/events{/privacy}', 'received_events_url': 'https://api.github.com/users/bchen1116/received_events', 'type': 'User', 'site_admin': False}"
20,1191587486,https://api.github.com/repos/pandas-dev/pandas/issues/46632,https://api.github.com/repos/pandas-dev/pandas,https://api.github.com/repos/pandas-dev/pandas/issues/46632/labels{/name},"{'login': 'AfunAlex', 'id': 102830611, 'node_id': 'U_kgDOBiESEw', 'avatar_url': 'https://avatars.githubusercontent.com/u/102830611?v=4', 'gravatar_id': '', 'url': 'https://api.github.com/users/AfunAlex', 'html_url': 'https://github.com/AfunAlex', 'followers_url': 'https://api.github.com/users/AfunAlex/followers', 'following_url': 'https://api.github.com/users/AfunAlex/following{/other_user}', 'gists_url': 'https://api.github.com/users/AfunAlex/gists{/gist_id}', 'starred_url': 'https://api.github.com/users/AfunAlex/starred{/owner}{/repo}', 'subscriptions_url': 'https://api.github.com/users/AfunAlex/subscriptions', 'organizations_url': 'https://api.github.com/users/AfunAlex/orgs', 'repos_url': 'https://api.github.com/users/AfunAlex/repos', 'events_url': 'https://api.github.com/users/AfunAlex/events{/privacy}', 'received_events_url': 'https://api.github.com/users/AfunAlex/received_events', 'type': 'User', 'site_admin': False}"
21,1191048428,https://api.github.com/repos/pandas-dev/pandas/issues/46630,https://api.github.com/repos/pandas-dev/pandas,https://api.github.com/repos/pandas-dev/pandas/issues/46630/labels{/name},"{'login': 'bwozniak27', 'id': 55770600, 'node_id': 'MDQ6VXNlcjU1NzcwNjAw', 'avatar_url': 'https://avatars.githubusercontent.com/u/55770600?v=4', 'gravatar_id': '', 'url': 'https://api.github.com/users/bwozniak27', 'html_url': 'https://github.com/bwozniak27', 'followers_url': 'https://api.github.com/users/bwozniak27/followers', 'following_url': 'https://api.github.com/users/bwozniak27/following{/other_user}', 'gists_url': 'https://api.github.com/users/bwozniak27/gists{/gist_id}', 'starred_url': 'https://api.github.com/users/bwozniak27/starred{/owner}{/repo}', 'subscriptions_url': 'https://api.github.com/users/bwozniak27/subscriptions', 'organizations_url': 'https://api.github.com/users/bwozniak27/orgs', 'repos_url': 'https://api.github.com/users/bwozniak27/repos', 'events_url': 'https://api.github.com/users/bwozniak27/events{/privacy}', 'received_events_url': 'https://api.github.com/users/bwozniak27/received_events', 'type': 'User', 'site_admin': False}"
22,1191039920,https://api.github.com/repos/pandas-dev/pandas/issues/46628,https://api.github.com/repos/pandas-dev/pandas,https://api.github.com/repos/pandas-dev/pandas/issues/46628/labels{/name},"{'login': 'Erotemic', 'id': 3186211, 'node_id': 'MDQ6VXNlcjMxODYyMTE=', 'avatar_url': 'https://avatars.githubusercontent.com/u/3186211?v=4', 'gravatar_id': '', 'url': 'https://api.github.com/users/Erotemic', 'html_url': 'https://github.com/Erotemic', 'followers_url': 'https://api.github.com/users/Erotemic/followers', 'following_url': 'https://api.github.com/users/Erotemic/following{/other_user}', 'gists_url': 'https://api.github.com/users/Erotemic/gists{/gist_id}', 'starred_url': 'https://api.github.com/users/Erotemic/starred{/owner}{/repo}', 'subscriptions_url': 'https://api.github.com/users/Erotemic/subscriptions', 'organizations_url': 'https://api.github.com/users/Erotemic/orgs', 'repos_url': 'https://api.github.com/users/Erotemic/repos', 'events_url': 'https://api.github.com/users/Erotemic/events{/privacy}', 'received_events_url': 'https://api.github.com/users/Erotemic/received_events', 'type': 'User', 'site_admin': False}"
23,1191039138,https://api.github.com/repos/pandas-dev/pandas/issues/46627,https://api.github.com/repos/pandas-dev/pandas,https://api.github.com/repos/pandas-dev/pandas/issues/46627/labels{/name},"{'login': 'Erotemic', 'id': 3186211, 'node_id': 'MDQ6VXNlcjMxODYyMTE=', 'avatar_url': 'https://avatars.githubusercontent.com/u/3186211?v=4', 'gravatar_id': '', 'url': 'https://api.github.com/users/Erotemic', 'html_url': 'https://github.com/Erotemic', 'followers_url': 'https://api.github.com/users/Erotemic/followers', 'following_url': 'https://api.github.com/users/Erotemic/following{/other_user}', 'gists_url': 'https://api.github.com/users/Erotemic/gists{/gist_id}', 'starred_url': 'https://api.github.com/users/Erotemic/starred{/owner}{/repo}', 'subscriptions_url': 'https://api.github.com/users/Erotemic/subscriptions', 'organizations_url': 'https://api.github.com/users/Erotemic/orgs', 'repos_url': 'https://api.github.com/users/Erotemic/repos', 'events_url': 'https://api.github.com/users/Erotemic/events{/privacy}', 'received_events_url': 'https://api.github.com/users/Erotemic/received_events', 'type': 'User', 'site_admin': False}"
24,1190972539,https://api.github.com/repos/pandas-dev/pandas/issues/46625,https://api.github.com/repos/pandas-dev/pandas,https://api.github.com/repos/pandas-dev/pandas/issues/46625/labels{/name},"{'login': 'mroeschke', 'id': 10647082, 'node_id': 'MDQ6VXNlcjEwNjQ3MDgy', 'avatar_url': 'https://avatars.githubusercontent.com/u/10647082?v=4', 'gravatar_id': '', 'url': 'https://api.github.com/users/mroeschke', 'html_url': 'https://github.com/mroeschke', 'followers_url': 'https://api.github.com/users/mroeschke/followers', 'following_url': 'https://api.github.com/users/mroeschke/following{/other_user}', 'gists_url': 'https://api.github.com/users/mroeschke/gists{/gist_id}', 'starred_url': 'https://api.github.com/users/mroeschke/starred{/owner}{/repo}', 'subscriptions_url': 'https://api.github.com/users/mroeschke/subscriptions', 'organizations_url': 'https://api.github.com/users/mroeschke/orgs', 'repos_url': 'https://api.github.com/users/mroeschke/repos', 'events_url': 'https://api.github.com/users/mroeschke/events{/privacy}', 'received_events_url': 'https://api.github.com/users/mroeschke/received_events', 'type': 'User', 'site_admin': False}"
25,1190906533,https://api.github.com/repos/pandas-dev/pandas/issues/46623,https://api.github.com/repos/pandas-dev/pandas,https://api.github.com/repos/pandas-dev/pandas/issues/46623/labels{/name},"{'login': 'ma3da', 'id': 34522496, 'node_id': 'MDQ6VXNlcjM0NTIyNDk2', 'avatar_url': 'https://avatars.githubusercontent.com/u/34522496?v=4', 'gravatar_id': '', 'url': 'https://api.github.com/users/ma3da', 'html_url': 'https://github.com/ma3da', 'followers_url': 'https://api.github.com/users/ma3da/followers', 'following_url': 'https://api.github.com/users/ma3da/following{/other_user}', 'gists_url': 'https://api.github.com/users/ma3da/gists{/gist_id}', 'starred_url': 'https://api.github.com/users/ma3da/starred{/owner}{/repo}', 'subscriptions_url': 'https://api.github.com/users/ma3da/subscriptions', 'organizations_url': 'https://api.github.com/users/ma3da/orgs', 'repos_url': 'https://api.github.com/users/ma3da/repos', 'events_url': 'https://api.github.com/users/ma3da/events{/privacy}', 'received_events_url': 'https://api.github.com/users/ma3da/received_events', 'type': 'User', 'site_admin': False}"
26,1190885815,https://api.github.com/repos/pandas-dev/pandas/issues/46622,https://api.github.com/repos/pandas-dev/pandas,https://api.github.com/repos/pandas-dev/pandas/issues/46622/labels{/name},"{'login': 'jiri-kulik', 'id': 6690782, 'node_id': 'MDQ6VXNlcjY2OTA3ODI=', 'avatar_url': 'https://avatars.githubusercontent.com/u/6690782?v=4', 'gravatar_id': '', 'url': 'https://api.github.com/users/jiri-kulik', 'html_url': 'https://github.com/jiri-kulik', 'followers_url': 'https://api.github.com/users/jiri-kulik/followers', 'following_url': 'https://api.github.com/users/jiri-kulik/following{/other_user}', 'gists_url': 'https://api.github.com/users/jiri-kulik/gists{/gist_id}', 'starred_url': 'https://api.github.com/users/jiri-kulik/starred{/owner}{/repo}', 'subscriptions_url': 'https://api.github.com/users/jiri-kulik/subscriptions', 'organizations_url': 'https://api.github.com/users/jiri-kulik/orgs', 'repos_url': 'https://api.github.com/users/jiri-kulik/repos', 'events_url': 'https://api.github.com/users/jiri-kulik/events{/privacy}', 'received_events_url': 'https://api.github.com/users/jiri-kulik/received_events', 'type': 'User', 'site_admin': False}"
27,1190810718,https://api.github.com/repos/pandas-dev/pandas/issues/46620,https://api.github.com/repos/pandas-dev/pandas,https://api.github.com/repos/pandas-dev/pandas/issues/46620/labels{/name},"{'login': 'kwhkim', 'id': 4476168, 'node_id': 'MDQ6VXNlcjQ0NzYxNjg=', 'avatar_url': 'https://avatars.githubusercontent.com/u/4476168?v=4', 'gravatar_id': '', 'url': 'https://api.github.com/users/kwhkim', 'html_url': 'https://github.com/kwhkim', 'followers_url': 'https://api.github.com/users/kwhkim/followers', 'following_url': 'https://api.github.com/users/kwhkim/following{/other_user}', 'gists_url': 'https://api.github.com/users/kwhkim/gists{/gist_id}', 'starred_url': 'https://api.github.com/users/kwhkim/starred{/owner}{/repo}', 'subscriptions_url': 'https://api.github.com/users/kwhkim/subscriptions', 'organizations_url': 'https://api.github.com/users/kwhkim/orgs', 'repos_url': 'https://api.github.com/users/kwhkim/repos', 'events_url': 'https://api.github.com/users/kwhkim/events{/privacy}', 'received_events_url': 'https://api.github.com/users/kwhkim/received_events', 'type': 'User', 'site_admin': False}"
28,1190797200,https://api.github.com/repos/pandas-dev/pandas/issues/46619,https://api.github.com/repos/pandas-dev/pandas,https://api.github.com/repos/pandas-dev/pandas/issues/46619/labels{/name},"{'login': 'fdelaigue', 'id': 35429689, 'node_id': 'MDQ6VXNlcjM1NDI5Njg5', 'avatar_url': 'https://avatars.githubusercontent.com/u/35429689?v=4', 'gravatar_id': '', 'url': 'https://api.github.com/users/fdelaigue', 'html_url': 'https://github.com/fdelaigue', 'followers_url': 'https://api.github.com/users/fdelaigue/followers', 'following_url': 'https://api.github.com/users/fdelaigue/following{/other_user}', 'gists_url': 'https://api.github.com/users/fdelaigue/gists{/gist_id}', 'starred_url': 'https://api.github.com/users/fdelaigue/starred{/owner}{/repo}', 'subscriptions_url': 'https://api.github.com/users/fdelaigue/subscriptions', 'organizations_url': 'https://api.github.com/users/fdelaigue/orgs', 'repos_url': 'https://api.github.com/users/fdelaigue/repos', 'events_url': 'https://api.github.com/users/fdelaigue/events{/privacy}', 'received_events_url': 'https://api.github.com/users/fdelaigue/received_events', 'type': 'User', 'site_admin': False}"
29,1190759024,https://api.github.com/repos/pandas-dev/pandas/issues/46618,https://api.github.com/repos/pandas-dev/pandas,https://api.github.com/repos/pandas-dev/pandas/issues/46618/labels{/name},"{'login': 'mweinelt', 'id': 131599, 'node_id': 'MDQ6VXNlcjEzMTU5OQ==', 'avatar_url': 'https://avatars.githubusercontent.com/u/131599?v=4', 'gravatar_id': '', 'url': 'https://api.github.com/users/mweinelt', 'html_url': 'https://github.com/mweinelt', 'followers_url': 'https://api.github.com/users/mweinelt/followers', 'following_url': 'https://api.github.com/users/mweinelt/following{/other_user}', 'gists_url': 'https://api.github.com/users/mweinelt/gists{/gist_id}', 'starred_url': 'https://api.github.com/users/mweinelt/starred{/owner}{/repo}', 'subscriptions_url': 'https://api.github.com/users/mweinelt/subscriptions', 'organizations_url': 'https://api.github.com/users/mweinelt/orgs', 'repos_url': 'https://api.github.com/users/mweinelt/repos', 'events_url': 'https://api.github.com/users/mweinelt/events{/privacy}', 'received_events_url': 'https://api.github.com/users/mweinelt/received_events', 'type': 'User', 'site_admin': False}"
